,dataset name,paper link,paper name ,where,#citations,published year,Languages choice ,languages ,domain ,fine_domain ,how was it collected ,collection category,Formation,Types,Where,workload,how many samples,human eval on data ,non-traditional,abstractive/extractive/unknown,measured/not measured,which metric,avaliabiity,packages,comments,Unnamed: 25,Unnamed: 26,Unnamed: 27
0,DUC 2001-2007,https://duc.nist.gov/duc2007/tasks.html,The Document Understanding Conference (DUC),????,????,2001-2007,monolingual,['English'],News,-,-,,Dedicated,Paragraph,-,Human,45,-,"multidocument, Query-focused,",abstractive,-,-,Upon Request,-,2001-2007. 2004 included arabic. numbers are aggregated ,,,
1,MultiLing 2013,https://aclanthology.org/W13-3103.pdf,Multi-document multilingual summarization and evaluation tracks in ACL 2013 MultiLing Workshop,MultiLing (ACL),56,2013,multilingual,"['Arabic', 'Czech', 'English', 'French', 'Modern Greek', 'Hebrew', 'Hindi', 'Chinese', 'Romanian', 'Spanish']",News,,wikinews. the multiling are translated ,,Naturally,Paragraph,platform,Automatic,150,,multidocument ,unknown,,,Upon Request,,,,,
2,"MultiLing 2015, 2017",https://aclanthology.org/W17-1001.pdf,MultiLing 2017 Overview,MultiLing (ACL),18,2017,multilingual,"['Afrikaans', 'Arabic', 'Azerbaijani', 'Bulgarian', 'Bosnian', 'Catalan', 'Czech', 'German', 'Modern Greek', 'English', 'Esperanto', 'Spanish', 'Basque', 'Persian', 'Finnish', 'French', 'Croatian', 'Indonesian', 'Italian', 'Japanese', 'Javanese', 'Georgian', 'Korean', 'Limburgish', 'Latvian', 'Marathi', 'Malay', 'Dutch', 'Norwegian', 'Polish', 'Portuguese', 'Romanian', 'Russian', 'Slovak', 'Thai', 'Turkish', 'Tagalog', 'Ukrainian', 'Chinese']",Encyclopedia,,lead section,,Distant,Paragraph,in-doc,Automatic,38,-,-,abstractive,-,-,Upon Request,-,,,,
3,New York Times Corpus,https://abacus.library.ubc.ca/dataset.xhtml?persistentId=hdl:11272.1/AB2/GZC6PL,The New York Times Annotated Corpus,????,912,2008,monolingual,['English'],News,,librarian,human,Dedicated,Paragraph,-,Human,"650,000",-,-,abstractive,-,-,Not Sure It Is Still Availiable,,,,,
4,EASC,https://repository.essex.ac.uk/4064/1/LREC2010_MTurk.pdf,Using Mechanical Turk to Create a Corpus of Arabic Summaries,????,110,2010,monolingual,['Arabic'],Diverse,"news, Encyclopedia",Mechanical Turk,,Dedicated,Spans,-,Human,765,-,-,extrative,-,-,Publicly Available,-,multiple summarries per text. broken link but easily found online,,,
5,CNN/daily mail,https://aclanthology.org/P16-1046.pdf,Neural Summarization by Extracting Sentences and Words,ACL,981,2016,monolingual,['English'],News,,highlights as in bullet points. look at the comment for others ,highlights,Naturally,Highlights,in-doc,Automatic,312085,-,-,abstractive,-,-,Publicly Available (License),-,"depend on the paper could be abstractive as conctination of the bullet points (""highlights"") but could also be extractive by matching the best sentences from paper that fits the highlights/ and also somewhere in between ""word extraction"" as the paper here call it. all details here are actually from hermann 2015 ",,,this can also be quote by https://arxiv.org/pdf/1506.03340.pdf
6,NEWSROOM,https://arxiv.org/abs/1804.11283,Newsroom: A Dataset of 1.3 Million Summaries with Diverse Extractive Strategies,NAACL,572,2018,monolingual,['English'],News,,metadata available in the HTML pages of articles.,metadata,Distant,Paragraph,metadata,Automatic,"1,321,995",-,-,divided,measured,"Coverage, Density, Compression",Url,Readability,"develop measures designed to quantify extractiveness and use these measures to subdivide the data into extractive, mixed, and abstractive subsets",,,
7,DaNewsroom,https://aclanthology.org/2020.lrec-1.831/,DaNewsroom: A Large-scale Danish Summarisation Dataset,LREC,10,2020,monolingual,['Danish'],News,,like newsroom,metadata,Distant,Paragraph,metadata,Automatic,"1,132,734",-,-,divided,measured,"Coverage, Density, Compression",Url,"Newsroom Python package, and created da-newsroom package",scraping tools,,,
8,LCSTS,https://aclanthology.org/D15-1229/,LCSTS: A Large Scale Chinese Short Text Summarization Dataset,EMNLP,367,2015,monolingual,['Chinese'],Social Media,,short summary written by editors in social media (sina weibo),naturally ,Naturally,Extreme,in-doc,Automatic,"2,400,591",yes,meadure,unknown,-,-,Upon Request,-,"i didn;t fully understand this one, but the text are very short orginiali ",,,
9,xlsum ,https://arxiv.org/abs/2106.13822,XL-Sum: Large-Scale Multilingual Abstractive Summarization for 44 Languages,ACL,206,2021,multilingual,"['Amharic', 'Arabic', 'Azerbaijani', 'Bengali', 'Burmese', 'Chinese', 'Chinese', 'English', 'French', 'Gujarati', 'Hausa', 'Hindi', 'Igbo', 'Indonesian', 'Japanese', 'Rundi', 'Korean', 'Kirghiz', 'Marathi', 'Nepali', 'Oromo', 'Pashto', 'Persian', 'West African Pidgin English', 'Portuguese', 'Panjabi', 'Russian', 'Scottish Gaelic', 'Scottish Gaelic', 'Serbian', 'Serbian', 'Sinhala', 'Somali', 'Spanish', 'Swahili', 'Tamil', 'Telugu', 'Thai', 'Tigrinya', 'Turkish', 'Ukrainian', 'Urdu', 'Uzbek', 'Vietnamese', 'Welsh', 'Yoruba']",News,,a bold paragraph containing one or two sentences at the beginning of each article,bolds,Distant,Extreme,in-doc,Automatic,"1,300,000",yes,-,abstractive,measured,"Novel n-gram ratio, Abstractivity, Compression, Redundancy",Publicly Available (License),-,say they publish a tool to scrape from bbc but i can't find it ,,,
10,Multi-News,https://paperswithcode.com/paper/multi-news-a-large-scale-multi-document,Multi-News: a Large-Scale Multi-Document Summarization Dataset and Abstractive Hierarchical Model,ACL,466,2019,monolingual,['English'],News,,news aggregation website (newser),naturally ,Naturally,Paragraph,platform,Automatic,"250,000",-,multidocument summarization,unknown,measured,"Coverage, Density, Compression",Publicly Available (License),-,,,,
11,DACSA,https://aclanthology.org/2022.naacl-main.434.pdf,DACSA: A large-scale Dataset for Automatic summarization of Catalan and Spanish newspaper Articles,NAACL,6,2022,multilingual,"['Catalan', 'Spanish']",News,,,"highlights, ""and summaries""",Naturally,Paragraph,in-doc,Automatic,"2,845,833",-,-,unknown,measured,"Coverage, Density, Compression, Novel n-gram ratio, Abstractivity",Upon Request,-,very hard to undertand what summaries are. i think sub title but i don;t know,,,
12,ilsum,https://dl.acm.org/doi/fullHtml/10.1145/3574318.3574328,FIRE 2022 ILSUM Track: Indian Language Summarization,FIRE,11,2022,multilingual,"['Hindi', 'Gujarati', 'English']",News,,,headlines,Naturally,Extreme,in-doc,Automatic,28978,-,-,unknown,-,-,Availiable,-,seems like a joint task. i couldt find link to the data,,,
13,X-SCITLDR,https://link.springer.com/article/10.1007/s00799-023-00373-2,Cross-lingual extreme summarization of scholarly documents,JCDL,9,2023,crosslingual,"['English', 'German', 'Italian', 'Chinese']",Scientific,,translated SCITLDR human went over automatic tranlsation ,naturally/prev,Naturally,Extreme,prev,Semi-Automatic,"3,229",-,-,abstractive ,,,Publicly Available (License),-,semi autiomtic - first translate than fix ,,,
14,X-SCITLDR,https://link.springer.com/article/10.1007/s00799-023-00373-2,Cross-lingual extreme summarization of scholarly documents,JCDL,9,2023,crosslingual,"['English', 'Japanese']",Scientific,,"human written japanese from website (""community-based summarization platform"")",naturally/prev,Naturally,Extreme,platform,Automatic,"2,004",-,-,abstractive ,,,Publicly Available (License),-,semi autiomtic - first translate than fix ,,,
15,SCITLDR,https://www.semanticscholar.org/paper/TLDR%3A-Extreme-Summarization-of-Scientific-Documents-Cachola-Lo/3502a542b2e98d9094e1880a30f652d4170b9534,TLDR: Extreme Summarization of Scientific Documents,EACL,196,2020,monolingual,['English'],Scientific,,"OpenReview written tldr by authors , in the test set annotators edited summaries written by peer reviewer","naturally, and human involvement ",Naturally,Extreme,platform,Automatic,"3,935",-,-,unknown,measured,"Compression, Novel n-gram ratio",Publicly Available,-,,,,
16,SCITLDR (test set),https://www.semanticscholar.org/paper/TLDR%3A-Extreme-Summarization-of-Scientific-Documents-Cachola-Lo/3502a542b2e98d9094e1880a30f652d4170b9534,TLDR: Extreme Summarization of Scientific Documents,EACL,196,2020,monolingual,['English'],Scientific,,"OpenReview written tldr by authors , in the test set annotators edited summaries written by peer reviewer","naturally, and human involvement ",Dedicated,Extreme,platform,Semi-Automatic,"1,237",-,-,unknown,measured,"Compression, Novel n-gram ratio",Publicly Available,-,,,,
17,ACLSum,https://arxiv.org/abs/2403.05303,ACLSum: A New Dataset for Aspect-based Summarization of Scientific Publications,NAACL,1,2024,monolingual,['English'],Scientific,,two stages: mark sentences and then write ,,Dedicated,Extreme,-,Human,250,yes,multiaspect summarization,abstractive,-,-,Publicly Available,-,two stages like Tesum! but different as the first dtage is marking sentences and the second is re-writing,,,
18,ACLSum (extractive),https://arxiv.org/abs/2403.05303,ACLSum: A New Dataset for Aspect-based Summarization of Scientific Publications,NAACL,1,2024,monolingual,['English'],Scientific,,two stages: mark sentences and then write ,,Dedicated,Spans,-,Human,250,yes,multiaspect summarization,extractive,-,-,Publicly Available,-,two stages like Tesum! but different as the first dtage is marking sentences and the second is re-writing,,,
19,CCSum,https://aclanthology.org/2024.naacl-long.406/,CCSum: A Large-Scale and High-Quality Dataset for Abstractive News Summarization,NAACL,0,2024,monolingual,['English'],News,,summarries from one article and document from another (summary = first sentence),naturally,Distant,Extreme,platform,Automatic,"1,369,911",yes,-,abstractive ,measured,"MINT, Density, Coverage, BS-Precision, Comprehensible",Publicly Available (License),-,reminds me of WCEP,,,
20,MENSA,https://arxiv.org/pdf/2404.03561,Select and Summarize: Scene Saliency for Movie Script Summarization,NAACL,0,2024,monolingual,['English'],Dialogue,movies ,Our annotators manually align Wikipedia summary sentences with movie scenes for 100 movies,,Naturally,Paragraph,platform ,Semi-Automatic,100,-,-,abstractive,-,-,Publicly Available,-,this is in the world of worklad were summaries were sort of there but people had to allighn them,,,
21,PoemSum,https://aclanthology.org/2023.emnlp-main.920.pdf,Unveiling the Essence of Poetry: Introducing a Comprehensive Dataset and Benchmark for Poem Summarization,EMNLP,2,2023,monolingual,['English'],Litrature,poems ,‘Poem Analysis’ website‘Poem Analysis’ website,naturally,Naturally,Paragraph,platform,Automatic,3011,-,poem,abstractive ,-,-,Publicly Available,-,"they didn't mention its abstracive but did say that it is required for poem summerization, other: summarries scraped but the poems were gathered manualy",,,
22,PMIndiaSum,https://arxiv.org/pdf/2305.08828.pdf,PMIndiaSum: Multilingual and Cross-lingual Headline Summarization for Languages in India,EACL,4,2023,multilingual,"['Kannada', 'Malayalam', 'Tamil', 'Telugu', 'Assamese', 'Bengali', 'Gujarati', 'Hindi', 'Marathi', 'Oriya', 'Panjabi', 'Urdu', 'English', 'Manipuri']",News,,from originaly paralel corpus. headline as summary,headlines ,Naturally,Extreme,in-doc,Automatic,"76,680",-,-,abstractive ,measured,"Compression, Novel n-gram ratio, Redundancy",Publicly Available (License),-,-,,,
23,MILDSum,https://arxiv.org/pdf/2310.18600.pdf,MILDSum: A Novel Benchmark Dataset for Multilingual Summarization of Indian Legal Case Judgments,EMNLP,0,2023,multilingual,"['English', 'Hindi']",Legal,,"website LiveLaw (https://www.livelaw.in/), a popular site among Indian Law practitioners, that publishes articles in both English and Hindi summarizing the important case judgments pronounced by the Supreme Court and High Courts of India.",naturally,Naturally,Paragraph,platform,Automatic,"3,122",-,-,unknown,measured,"Coverage, Density",Publicly Available,pdftotext,"they measured it and a lot of the sentences are quotes. ""mixture of extractive and abstractive summaries""",,,
24,EUR-Lex-Sum (English),https://dl.acm.org/doi/pdf/10.1145/3477495.3531872,Summarizing Legal Regulatory Documents using Transformers,ACM,12,2022,monolingual,['English'],Legal,,the eu platform,,Naturally,Highlights,platform,Automatic,"4,595",-,-,unknown,-,-,Publicly Available,-,i am not sure if it is highlights or paragraph,,,
25,EUR-Lex-Sum (Multilingual),https://aclanthology.org/2022.emnlp-main.519/,EUR-Lex-Sum: A Multi- and Cross-lingual Dataset for Long-form Summarization in the Legal Domain,EMNLP,25,2022,multilingual,"['English', 'German', 'Italian', 'Portuguese', 'Dutch', 'Danish', 'Modern Greek', 'Finnish', 'Swedish', 'Romanian', 'Hungarian', 'Czech', 'Polish', 'Bulgarian', 'Latvian', 'Slovenian', 'Estonian', 'Lithuanian', 'Slovak', 'Maltese', 'Croatian', 'Irish']",Legal,,the eu platform,,Naturally,Highlights,platform ,Automatic,"1,500",,-,unknown,measured,"Compression, Novel n-gram ratio",Publicly Available,-,-,,,
26,LR-Sum,https://arxiv.org/pdf/2212.09674.pdf,LR-Sum: Summarization for Less-Resourced Languages,ACL,2,2023,multilingual,"['Albanian', 'Amharic', 'Armenian', 'Azerbaijani', 'Bengali', 'Bosnian', 'Burmese', 'Dari', 'English', 'French', 'Georgian', 'Modern Greek', 'Haitian', 'Hausa', 'Indonesian', 'Central Khmer', 'Kinyarwanda', 'Korean', 'Kurdish', 'Lao', 'Macedonian', 'Chinese', 'North Ndebele', 'Pashto', 'Persian', 'Portuguese', 'Russian', 'Serbian', 'Shona', 'Somali', 'Spanish', 'Swahili', 'Thai', 'Tibetan', 'Tigrinya', 'Turkish', 'Ukrainian', 'Urdu', 'Uzbek', 'Vietnamese']",News,,"voa (like mot) texts. summaries are from ""description field"" - it is presented in the metadata but not in the website. but it is not mentioned directlty. ""While it is generally used to give a brief summary of the article contents, there are numerous instances where the description contains the first few lines of the article, information about the authors, or general information about what VOA is""",metadata,Distant,Paragraph,metadata,Automatic,"315,530",-,-,abstractive,measured,"Compression, Mean Novelty (""he proportion of tokens in the summary that do not occur in the article"" didn't see it anywhere else)",Publicly Available (License),-,it was insanly unclear where are the summarries taken from. i think it might be the metadata,,,
27,MLSUM,https://arxiv.org/pdf/2004.14900.pdf,MLSUM: The Multilingual Summarization Corpus,EMNLP,139,2020,multilingual,"['French', 'German', 'Spanish', 'Russian', 'Turkish']",News,, I think it is mishne. it is not clear in the ,highlights/description,Distant,Paragraph,in-doc,Automatic,1571041,-,-,unknown,measured,Novel n-gram ratio,"Url, But Allows Upon Request",-,,,,
28,WikiLingua,https://aclanthology.org/2020.findings-emnlp.360.pdf,WikiLingua: A New Benchmark Dataset for Cross-Lingual Abstractive Summarization,EMNLP,160,2020,crosslingual,"['English', 'Spanish', 'Portuguese', 'French', 'German', 'Russian', 'Italian', 'Indonesian', 'Dutch', 'Arabic', 'Chinese', 'Vietnamese', 'Thai', 'Japanese', 'Korean', 'Hindi', 'Czech', 'Turkish']",Instructional,(WikiHow),the title of each section is concatenated with the other. discluded from the test. croll lingual from the pararllel corpus. to my understanding onl to and from wnglish ,bolds,Distant,Highlights,in-doc,Automatic,"141,457",-,-,abstractive ,-,-,Publicly Available (License),-,number is not exact. it looks like highlikghts i think because it is concatenation of seperate sections. ,,,
29,Wikisum,https://aclanthology.org/2021.acl-short.28.pdf,Wikisum: Coherent Summarization Dataset for Efficient Human-Evaluation,ACL,12,2021,monolingual,['English'],Instructional,(WikiHow),summaries of the articles presented in the wikihow website written by the authors . say it is more cohehrent ,naturally ,Naturally,Paragraph,platform,Automatic,"39,775",-,-,unknown,measured,"Compression, Readability (to test text and summarry dificulty to read )",Publicly Available (License),"Scrapy, BeautifulSoup",could llso be in-doc (it is outside of the article et on the same website). also it was measured but not eaxctly abstractovoty,,,
30,WikiHow,https://www.semanticscholar.org/paper/WikiHow%3A-A-Large-Scale-Text-Summarization-Dataset-Koupaee-Wang/c0199a7a37c22797c899571e51dba9690e606fa2,WikiHow: A Large Scale Text Summarization Dataset,arXiv,248,2018,monolingual,['English'],Instructional,(WikiHow),title of each section concatenated. it is excluded from the text,bolds,Distant,Highlights,in-doc,Automatic,"204, 004",-,-,unknown,measured,"Compression, Novel n-gram ratio",Publicly Available (License),Scrapy,,,,
31,Fanpage,https://www.mdpi.com/2078-2489/13/5/228,Two New Datasets for Italian-Language Abstractive Text Summarization,????,10,2022,monolingual,['Italian'],News,,"they say for every artcele there is a ""short description"" after the titile (mishne, it is also sure by the figure) and they concatenaated it to the titles ",mishne,Distant,Paragraph,in-doc,Automatic,"84,308",-,-,abstractive ,measured,ROUGE-L,Publicly Available,,they actually measures abstractiveness and kept only abstractive. mishne,,,
32,IlPost,https://www.mdpi.com/2078-2489/13/5/228,Two New Datasets for Italian-Language Abstractive Text Summarization,????,10,2022,monolingual,['Italian'],News,,"they say for every artcele there is a ""short description"" after the titile (mishne, it is also sure by the figure) and they concatenaated it to the titles ",mishne,Distant,Paragraph,in-doc,Automatic,"44,025",-,-,abstractive ,measured,,Publicly Available,,they actually measures abstractiveness and kept only abstractive. also used translated spanish corpus,,,
33,CrossSum,https://arxiv.org/abs/2112.08804,"CrossSum: Beyond English-Centric Cross-Lingual Summarization for 1,500+ Language Pairs",ACL,14,2021,crosslingual,"['Amharic', 'Arabic', 'Azerbaijani', 'Bengali', 'Burmese', 'Chinese', 'Chinese', 'English', 'French', 'Gujarati', 'Hausa', 'Hindi', 'Igbo', 'Indonesian', 'Japanese', 'Rundi', 'Korean', 'Kirghiz', 'Marathi', 'Nepali', 'Oromo', 'Pashto', 'Persian', 'West African Pidgin English', 'Portuguese', 'Panjabi', 'Russian', 'Scottish Gaelic', 'Serbian', 'Serbian', 'Sinhala', 'Somali', 'Spanish', 'Swahili', 'Tamil', 'Telugu', 'Thai', 'Tigrinya', 'Turkish', 'Ukrainian', 'Urdu', 'Uzbek', 'Vietnamese', 'Welsh', 'Yoruba']",News,,aligning parallel summaries in different languages from xl-sum (a bold paragraph containing one or two sentences at the beginning of each article). so if you wanto train monolingual go backto xl sum,other,Naturally,Extreme,prev,Automatic,1680000,yes (for the allignment),-,abstractive,-,-,Publicly Available (License),-,-,,,
34,MM-CLS,https://link.springer.com/chapter/10.1007/978-981-99-6207-5_17,MCLS: A Large-Scale Multimodal Cross-Lingual Summarization Dataset,CCL (ACL),0,2023,crosslingual,"['Amharic', 'Arabic', 'Azerbaijani', 'Bengali', 'Burmese', 'Chinese', 'Chinese', 'English', 'French', 'Gujarati', 'Hausa', 'Hindi', 'Igbo', 'Indonesian', 'Japanese', 'Rundi', 'Korean', 'Kirghiz', 'Marathi', 'Nepali', 'Oromo', 'Pashto', 'Persian', 'West African Pidgin English', 'Portuguese', 'Panjabi', 'Russian', 'Scottish Gaelic', 'Serbian', 'Serbian', 'Sinhala', 'Somali', 'Spanish', 'Swahili', 'Tamil', 'Telugu', 'Thai', 'Tigrinya', 'Turkish', 'Ukrainian', 'Urdu', 'Uzbek', 'Vietnamese', 'Welsh', 'Yoruba']",News,,CrossSum + images from the same BBC links,prev,Naturally,Extreme,prev,Automatic,"1,100,000",-,"Multimodal summarization, CL",abstractive,-,-,????,-,"""Multimodal Cross-Lingual Summarization""",,,
35,GOVREPORT,https://arxiv.org/pdf/2104.02112v2.pdf,Efficient Attentions for Long Document Summarization,NAACL,155,2021,monolingual,['English'],Gov,,"GAO publishes ""highlights"" for each report with a summary. ""A human-written summary is provided along with each report""",naturally ,Naturally,Paragraph,in-doc,Automatic,"19,466",-,long document,abstractive,-,-,Publicly Available,PDFMiner,think if it shoud be highlights as it is written by aspect,,,
36,VCSUM,https://arxiv.org/abs/2305.05280,VCSUM: A Versatile Chinese Meeting Summarization Dataset,ACL,4,2023,monolingual,['Chinese'],Dialogue,meetings,annotators both marked sentences and wrote summary,human,Dedicated,Paragraph,-,Human+Human,239,-,meeting,abstractive,-,-,Publicly Available,-,might be too small. one summarize and one checks ,,,
37,VCSUM (extractive),https://arxiv.org/abs/2305.05280,VCSUM: A Versatile Chinese Meeting Summarization Dataset,ACL,4,2023,monolingual,['Chinese'],Dialogue,meetings,annotators both marked sentences and wrote summary,human,Dedicated,Spans,-,Human+Human,239,-,meeting,extractive,-,-,Publicly Available,-,might be too small. one summarize and one checks ,,,
38,MassiveSumm,https://aclanthology.org/2021.emnlp-main.797.pdf,"MassiveSumm: a very large-scale, very multilingual, newswire summarisation dataset",EMNLP,37,2021,multilingual,"['Swahili', 'Hausa', 'Somali', 'Afrikaans', 'Kinyarwanda', 'Amharic', 'North Ndebele', 'Shona', 'Rundi', 'Tigrinya', 'Oromo', 'Malagasy', 'Xhosa', 'Bambara', 'Yoruba', 'Igbo', 'Lingala', 'Fulah', 'Russian', 'Spanish', 'Ukrainian', 'Persian', 'Arabic', 'Chinese', 'German', 'Urdu', 'Hindi', 'French', 'Polish', 'Vietnamese', 'Bulgarian', 'Tamil', 'Hungarian', 'Lithuanian', 'Armenian', 'Kannada', 'Italian', 'Albanian', 'Malayalam', 'Czech', 'Slovak', 'Marathi', 'Gujarati', 'Oriya', 'Modern Greek', 'Turkish', 'Portuguese', 'Latvian', 'Azerbaijani', 'Bosnian', 'Pashto', 'Thai', 'Nepali', 'Macedonian', 'Panjabi', 'Icelandic', 'Bengali', 'Japanese', 'Telugu', 'English', 'Georgian', 'Slovenian', 'Burmese', 'Welsh', 'Tajik', 'Kurdish', 'Serbian', 'Uzbek', 'Hebrew', 'Central Khmer', 'Lao', 'Dari', 'Croatian', 'Assamese', 'Tibetan', 'Romanian', 'Sinhala', 'Kirghiz', 'Scottish Gaelic', 'Dutch', 'Irish', 'Catalan', 'Mongolian', 'Swedish', 'Danish', 'Esperanto', 'Haitian', 'Indonesian', 'Filipino', 'Tetum', 'Bislama', 'Aymara']",News,,social media article description,metadata,Distant,Paragraph,metadata,Automatic,28879290,-,-,unknown,-,-,"Url, But Allows Upo Request",-,-,,,
39,BigPatent,https://aclanthology.org/P19-1212/,BIGPATENT: A Large-Scale Dataset for Abstractive and Coherent Summarization,ACL,203,2019,monolingual,['English'],Patent,,We use each patent’s abstract as the goldstandard summary and its description as the input,abstract ,Distant,Paragraph,in-doc,Automatic,"1,341,362",,,abstractive ,measured,"Compression, Density,  Novel n-gram ratio,  % of entities occurring m (didn't see it elsewhere), Left: % of entities of chain length l (also only here)",Publicly Available,-,-,,,
40,Gigaword ,https://aclanthology.org/W12-3018/,Annotated Gigaword,AKBC (ACL),419,2012,monolingual,['English'],News,,the data is from the linked dataset yet the idea to take headlines as summarization is from paper in comments i think,headlines,Distant,Extreme,in-doc,Automatic,4000000,-,sentence-level summarization.,abstractive,-,-,Publicly Available,-,"original dataset is not for summerization yet other works used subset of it. details here: https://arxiv.org/pdf/1810.09305.pdf, i couldnt find a link to the data in the original yet hte whole point was to make it availiable ",,,
41,Global Voices,https://aclanthology.org/D19-5411/,Global Voices: Crossing Borders in Automatic News Summarization,WS (ACL),31,2019,multilingual,"['English', 'Spanish', 'Malagasy', 'Bengali', 'French', 'Portuguese', 'Russian', 'Arabic', 'Italian', 'Macedonian', 'Modern Greek', 'German', 'Japanese', 'Swahili', 'Dutch']",News,,"""We extract the socialnetwork descriptions of the articles to (cheaply) construct gv-snippet, an evaluation set for multilingual and cross-lingual news summarization. Nevertheless, these descriptions usually have poor coverage over the original contents because they were written with the intention of drawing user clicks to read more about the articles.""",,Distant,Paragraph,platform,Automatic,"41,939",-,-,unknown,-,-,Upon Request,-,i think the number of samples is for each language,,,
42,Global Voices (human annotated),https://aclanthology.org/D19-5411/,Global Voices: Crossing Borders in Automatic News Summarization,WS (ACL),31,2019,multilingual,"['English', 'Spanish', 'Malagasy', 'Bengali', 'French', 'Portuguese', 'Russian', 'Arabic', 'Italian', 'Macedonian', 'Modern Greek', 'German', 'Japanese', 'Swahili', 'Dutch']",News,,mturk,,Dedicated,Paragraph,platform,Human+Human,"3,437",-,-,unknown,-,-,Upon Request,-,i think the number of samples is for each language,,,
43,TeSum,https://aclanthology.org/2022.lrec-1.614.pdf,TeSum: Human-Generated Abstractive Summarization Corpus for Telugu,LREC,7,2022,monolingual,['Telugu'],News,,human annotators and then a lot of filtering both automatic and human ,human ,Dedicated,Paragraph,-,Human+Human,20329,yes,-,abstractive,measured ,"Compression, Abstractivity",Url,-,-,,,
44,BillSum,https://aclanthology.org/D19-5406/,BillSum: A Corpus for Automatic Summarization of US Legislation,WS (ACL),137,2019,monolingual,['English'],Legal,,"it seems as though at the top of each legistlation there is a ""digest"" which is sort of a summary  written by a Legislative Counsel",naturally,Naturally,Paragraph,in-doc,Automatic,22218,-,-,unknown,-,-,Publicly Available,,,,,
45,CAST,https://ucrel.lancs.ac.uk/publications/cL2003/papers/hasler.pdf,Building better corpora for summarisation,????,52,2003,monolingual,['English'],Diverse,"news, Popular science",mark sentences ,human ,Dedicated,Spans,-,Human,163,-,-,extractive,-,-,Publicly Available (License),-,,,,
46,The CNN-Corpus,https://dl.acm.org/doi/10.1145/3342558.3345388,The CNN-Corpus: A Large Textual Corpus for Single-Document Extractive Summarization,DocEng,23,2019,monolingual,['English'],News,,"human chose between sentences candidates in the text to represent a highlight. "". The software interface provided two windows for the person who would do the mapping of the each sentence in the story highlights onto one or two sentences extracted from the text verbatim""",human ,Dedicated,Spans,-,Semi-Automatic,3000,-,-,extractive,-,-,Publicly Available (License),-,"semi automatic, take sort of abstractive to extractive using annotators ",,,
47,email,https://arxiv.org/abs/1906.03497,This Email Could Save Your Life: Introducing the Task of Email Subject Line Generation,ACL,70,2019,monolingual,['English'],Emails,,mechanical turk write subject line ,human ,Dedicated,Extreme,-,Human+Human,18302,-,email subject line generation,abstractive,-,-,Publicly Available (License),-,they have 3 subect line per mail. annotators and than they went over it. think about the human evaluation and how is it different than human+ human,,,
48,Rotten Tomatoes,https://arxiv.org/abs/1606.02785,Neural network-based abstract generation for opinions and arguments.,NAACL,150,2016,monolingual,['English'],Opinions/Arguments,reviews,The opinion consensus is treated as the gold-standard summary. (many crritics get aggregated by an editor),naturally,Naturally,Extreme,platform,Automatic,"3,731",-,claim generation,abstractive,-,-,Publicly Available,-,number here is the num of summaries rather than num of texts. i think that this is correct as all texts are aggregated into one ,,,
49,Idebate,https://arxiv.org/abs/1606.02785,Neural network-based abstract generation for opinions and arguments.,NAACL,150,2016,monolingual,['English'],Opinions/Arguments,debate,"Each point contains a one-sentence central claim constructed by the editors to summarize the corresponding arguments, and is treated as the gold-standard. noam: this is a websites of arguments, each is summariez in a sentence ",naturrally ,Naturally,Extreme,in-doc,Automatic,17359,-,claim generation,abstractive,-,-,Publicly Available,-,"2,259 claims (summarries) of 17,359 (arguments, because each sentence under the claim was consider as an argument on each own)",,,
50,Opinosis,https://aclanthology.org/C10-1039.pdf,Opinosis: A Graph-Based Approach to Abstractive Summarization of Highly Redunda,Coling,668,2010,monolingual,['English'],Opinions/Arguments,reviews,"the text are extracted from reviews on hotels, cars and other products",,Dedicated,Paragraph,-,Human,51,-,opinionated texts,abstractive,-,-,Publicly Available,-,4 summarries per topic (Multi-ref),,,
51,"PubMed,arXiv",https://arxiv.org/abs/1804.05685,A discourse-aware attention model for abstractive summarization of long documents,NAACL,701,2018,monolingual,['English'],Scientific,,,abstract,Distant,Paragraph,in-doc,Automatic,348000,-,longer-form documents,abstractive,-,-,Publicly Available (License),-,,,,
52,Reddit TIFU,https://aclanthology.org/N19-1260/,Abstractive Summarization of Reddit Posts with Multi-level Memory Networks,NAACL,177,2019,monolingual,['English'],Social Media,,"due to reddit guidlines the title as short summary, and the TL;DR summary as long summary",naturally,Naturally,Paragraph,in-doc,Automatic,122933,-,"tldr od posts or their title, written by the user who wrote the reddit post",abstractive,measured,"Lead scores, ""the density histogram of the relative locations of bigrams of gold summary in the source text""",Publicly Available (License),-,,,,
53,Reddit TIFU (extreme),https://aclanthology.org/N19-1260/,Abstractive Summarization of Reddit Posts with Multi-level Memory Networks,NAACL,177,2019,monolingual,['English'],Social Media,,"due to reddit guidlines the title as short summary, and the TL;DR summary as long summary",naturally,Naturally,Extreme,in-doc,Automatic,122933,-,"tldr od posts or their title, written by the user who wrote the reddit post",abstractive,measured,"Lead scores, ""the density histogram of the relative locations of bigrams of gold summary in the source text""",Publicly Available (License),-,,,,
54,Samsum,https://aclanthology.org/D19-5409/,Samsum corpus: A human-annotated dialogue dataset for abstractive summarization.,WS (ACL),437,2019,monolingual,['English'],Dialogue,,-,human,Dedicated,Paragraph,-,Human,16369,yes,-,abstractive,-,-,Publicly Available,,"the data itself is artificial ""natural messenger-like conversations created and written down by linguists fluent in English."" on the validation: we performed a validation task. We asked two linguists to doubly annotate 50 conversations in order to verify whether the dialogues could appear in a messenger app and could be summarized",,,
55,MediaSum,https://aclanthology.org/2021.naacl-main.474/,MediaSum: A Large-scale Media Interview Dataset for Dialogue Summarization,naacl,107,2021,monolingual,['English'],Dialogue,,"""""We find a majority of NPR interviews come with an overview description before the transcription text, which can be used as summaries."" ""a list of discussed topics, which can be used as summaries""",לא בטוחה אם להחשיב את זה כמטא דאטה או לא. זה מעין דיסקריפשן של השיחה. יש דוגמה במאמר ,Distant,Paragraph,in-doc,Automatic,463596,-,-,abstractive,measured,Novel n-gram ratio,Publicly Available,-,-,,,
56,CLIDSUM,https://aclanthology.org/2022.emnlp-main.526/,ClidSum: A Benchmark Dataset for Cross-Lingual Dialogue Summarization,EMNLP,38,2022,crosslingual,"['English', 'Chinese', 'German']",Dialogue,,translation from SAMSum and media sum,,Dedicated+Distant,Paragraph,prev,Human (Translation),"56,369",-,-,unknown,-,-,Publicly Available,-,it is abstractive but they didnt mention it ,,,
57,Scisummnet,https://arxiv.org/abs/1909.01716,ScisummNet: A Large Annotated Corpus and Content-Impact Models for Scientific Paper Summarization with Citation Networks,AAAI,197,2019,monolingual,['English'],Scientific,,wrote a summary based on abstract and citations. i am not sure if it was extracrive or abstractive,human,Dedicated,Paragraph,-,Semi-Automatic,1000,yes,-,unknown,-,-,Publicly Available (License),-,similar to semi automatic they developed a system to make it easier for human to annotate.  cou;d also be human + human,,,
58,TGSum,https://arxiv.org/abs/1511.08417,Build tweet guided multi-document summarization dataset.,AAAI,46,2016,monolingual,['English'],News,,"""we decide to “synthesize” reference summaries by selecting sentences from both news documents and high-quality tweets as long as they are good representatives of the news information. """,news-tweets coupling,Synthetic,Paragraph,platform,Automatic,204,yes,"multidocument summarization, news-tweets coupling",abstractive,-,-,Publicly Available,newspaper,"but i couldn't see the data (broken link). ""could be abstractive"" ",,,
59,WG/USAToday-CNN,https://aclanthology.org/C14-1083.pdf,Utilizing microblogs for automatic news highlights extraction.,COLING,60,2014,monolingual,['English'],News,,"""we aim to extract x sentences from the set S or the same number of tweets from set T as highlights covering the main theme of the article""",news-tweets coupling,Distant,Highlights,platform,Automatic,121,-,"news-tweets coupling,news highlights production",unknown,-,-,Publicly Available,-,,,,
60,XSum,https://aclanthology.org/D18-1206/,"Don’t give me the details, just the summary! topic-aware convolutional neural networks for extreme summarization.",EMNLP,1329,2018,monolingual,['English'],News,,"the first line of bbc articles (""first sentence summary"")",naturally,Distant,Extreme,in-doc,Automatic,226711,-,-,abstractive,measured ,"Novel n-gram ratio, Lead scores",Publicly Available,-,-,,,
61,UrduMASD,https://aclanthology.org/2024.lrec-main.1498/,UrduMASD: A Multimodal Abstractive Summarization Dataset for Urdu,ELRA and ICCL(ACL),0,2024,monolingual,['Urdu'],News,,youtube descriptions,distant ,Distant,Paragraph,in-doc,Automatic,"15,374",-,Multimodal,abstractive,measured ,"Abstractivity, Compression, Redundancy, semantic coherence","Upon Request, Research Only",-,,,,
62,KurdSum,https://www.sciencedirect.com/science/article/pii/S2949719123000407,KurdSum: A new benchmark dataset for the Kurdish text summarization,Natural Language Processing Journal,2,2023,monolingual,['Kurdish'],News,,human annotation,human,Dedicated,Paragraph,-,Human,"40,000",-,-,unknown,measured ,"Coverage, Density, Compression, Novel n-gram ratio",Publicly Available,"ParsHub, Beautiful Soup",,,,
63,AsomiyaPratidin,https://link.springer.com/article/10.1007/s41870-023-01279-7,An abstractive text summarization using deep learning in Assamese,International Journal of Information Technology,13,2023,monolingual,['Assamese'],News,,"""corresponding humanwritten summaries"" - probably mishne by the website but who knows ",naturally,Distant,Paragraph,in-doc,Automatic,"10,000",-,-,abstractive,-,-,Unknown,,not the correct name they just didn't name it ,,,
64,BanglaCHQ-Summ,https://aclanthology.org/2023.banglalp-1.10/,BanglaCHQ-Summ: An Abstractive Summarization Dataset for Medical Queries in Bangla Conversational Speech,ACL,1,2023,monolingual,['Bengali'],Medical,,texts from forums and summaries first writen by students an than porttion of it was reviewd by experts. ,human ,Dedicated,Paragraph,-,Human,"2,350",yes,CHQ summarization,abstractive,-,-,Publicly Available (License),,,,,
65,MeQSum,https://aclanthology.org/P19-1215/,On the Summarization of Consumer Health Questions,ACL,65,2019,monolingual,['English'],Medical,,U.S. National Library of Medicine + manual annotation of medical experts,human ,Dedicated,Extreme,-,Human+Human,"1,000",-,CHQ summarization,abstractive ,-,-,Publicly Available (License),,"not sure iif by license or not. ""double validated"" human annotated and then doctors (higher than medical experts i guess) went over the summery and changed if needed ",,,
66,CHQ-Summ,https://arxiv.org/pdf/2206.06581,CHQ-Summ: A DATASET FOR CONSUMER HEALTHCARE QUESTION SUMMARIZATION,arxiv ,13,2022,monolingual,['English'],Medical,,Yahoo community question-answering + human annotation,human ,Dedicated,Extreme,-,Human,"1,507",-,CHQ summarization,abstractive ,-,-,Like Urls - You Get It Through Yahoo,-,,,,
67,CSTNews,https://sites.icmc.usp.br/taspardo/rst2011-cardosoetal1.pdf,CSTNews - A Discourse-Annotated Corpus for Single and Multi-Document Summarization of News Texts in Brazilian Portuguese,STIL (ACL),133,2011,monolingual,['Portuguese'],News,,seems like human annotation process but it is by far the hardest paper to understand ,,Dedicated,Paragraph,-,Human,140,-,multidocument summarization,unknown,-,-,Publicly Available,,,,,
68,RecognaSumm,https://aclanthology.org/2024.propor-1.63.pdf,RecognaSumm: A Novel Brazilian Summarization Dataset,PROPOR (ACL),0,2024,monolingual,['Portuguese'],News,,title + mishne ,,Distant,Paragraph,in-doc,Automatic,"135,272",-,-,abstractive,measured,abstraction rate (1-n-novel ration i think),Publicly Available (License),-,,,,
69,MiRANews,https://aclanthology.org/2021.findings-emnlp.133/,MiRANews: Dataset and Benchmarks for Multi-Resource-Assisted News Summarization,ACL,8,2021,monolingual,['English'],News,,from newser. hey added more information to support the article ,,Naturally,Paragraph,platform,Automatic,147838,-,"""Generate a summary for the corresponding document with the support of related assisting documents.""",abstractive,measured ,"LEAD, EXT-ORACLE, Novel n-gram ratio",Publicly Available,,,,,
70,Wikinews,https://aclanthology.org/D17-1224/,Towards Automatic Construction of News Overview Articles by News Synthesis,EMNLP,6,2017,monolingual,['English'],News,,"summaries taken from ""wikinews"" which is apperently a website that aggregates news ",,Naturally,Paragraph,platform,Automatic,"18,121",-,"""automatically constructing an overview article from a given set of news articles about a news event""",unknown,-,-,Publicly Available,-,"""The dataset is accompanied and it will be released soon""",,,
71,WCEP,https://arxiv.org/abs/2005.10070,A Large-Scale Multi-Document Summarization Dataset from the Wikipedia Current Events Portal,ACL,83,2020,monolingual,['English'],News,,summaries are from WCEP and the articles are either those linked to the paper or are related that where found in common crawl,"naturally or new category ""oppos""",Distant,Paragraph,pairing,Automatic,"10,200",-,"multidocument summarization, news-tweets coupling",unknown,measured ,"Coverage, Density",Publicly Available (License),Newspaper3k,he dmain could also be wikiperdia but i think since texts are news ,,,
72,TLDR9+,https://www.semanticscholar.org/paper/TLDR9%2B%3A-A-Large-Scale-Resource-for-Extreme-of-Media-Sotudeh-Deilamsalehi/169473a009731c7969a65ed2599e43a03ed83e71,TLDR9+: A Large Scale Resource for Extreme Summarization of Social Media Posts,NewSum (ACL),9,2021,monolingual,['English'],Social Media,,"TLDR in reddit ""instances"" ",naturally,Naturally,Paragraph,in-doc ,Automatic,9227437,yes ,extreme summarization - but it is not though,abstractive ,measured ,Compression,Publicly Available (License),,"they say license but i couldnt find it, there is also a smaller higher quality subset containing 1.7 milion - created assisted with human to create a threshold (not human annoted fully(",,,
73,SlovakSum,https://aclanthology.org/2024.lrec-main.1298/,SlovakSum: A Large Scale Slovak Summarization Dataset,LREC,0,2024,monolingual,['Slovak'],News,,"""headlines and abstracts"" - i think it is title + mishne",mishne,Distant,Paragraph,in-doc ,Automatic,"208,519",-,-,unknown,-,-,Publicly Available (License),,It is either avaliable or avaliable with licensce. the link does not work. ,,,
74,SMESum,https://aclanthology.org/2020.lrec-1.830/,A Summarization Dataset of Slovak News Articles,LREC,5,2020,monolingual,['Slovak'],News,,i think mishe + titile ,,Distant,Paragraph,in-doc ,Automatic,"80,003",-,-,unknown,measured ,"LEAD, EXT-ORACLE.",Url,-,broken link,,,
75,WikiAsp,https://www.semanticscholar.org/paper/WikiAsp%3A-A-Dataset-for-Multi-domain-Aspect-based-Hayashi-Budania/addd2d86d19c1e7c8854e827fb2656a50c250440,WikiAsp: A Dataset for Multi-domain Aspect-based Summarization,TACL,44,2021,monolingual,['English'],Encyclopedia,,each aspect is a section in the wikipedia page and the cited references are source,,Distant,Paragraph,platform,Automatic,"320,272",-,Aspect-based summarization,unknown,-,-,Publicly Available,-,omly train size given?,,,
76,CLTS,https://www.semanticscholar.org/paper/CLTS%3A-A-New-Chinese-Long-Text-Summarization-Dataset-Liu-Zhang/331c8fa436e58d169a5b0546121dbbd4b0c17fd4,CLTS: A New Chinese Long Text Summarization Dataset,NLPCC,18,2020,monolingual,['Chinese'],News,,i think mishe,,Distant,Paragraph,in-doc ,Automatic,"185,397",-,long texts ,unknown,measured ,"Coverage, Density, Compression, Novel n-gram ratio",Publicly Available,-,,,,
77,CLTS+,https://www.semanticscholar.org/paper/CLTS%2B%3A-A-New-Chinese-Long-Text-Summarization-with-Liu-Zhang/659775097a710aced1c67de0d47e6c371161fd30,CLTS+: A New Chinese Long Text Summarization Dataset with Abstractive Summaries,ICANN,7,2022,monolingual,['Chinese'],News,,back translation on CLTS,,Distant,Paragraph,prev,Automatic,"181,401",yes ,long texts ,abstractive,measured ,"Novel n-gram ratio, Lead",Publicly Available,-,,,,
78,SumTitles,https://aclanthology.org/2020.coling-main.503.pdf,SumTitles: a Summarization Dataset with Low Extractiveness,COLING,5,2020,monolingual,['English'],Dialogue,movies,so i think the synopsis\plot summary is used as summary and the script as text. the work was in the alignment of scene with the summary most was done autiomaticaly but a small part was annotated by human,,Naturally,Paragraph,others,Automatic,"131,864",-,-,abstractive,measured ,extractive score,Like Urls - You Can Recreate It With Allignment Algo,-,,,,
79,NEWSFARM,https://www.semanticscholar.org/paper/NEWSFARM%3A-A-Large-Scale-Chinese-Corpus-of-Long-News-Zang-Zhang/21055055d7c084507ad75791b5e123cc2765e6b0,NEWSFARM: A Large-Scale Chinese Corpus of Long News Summarization,IEEE,0,2022,monolingual,['Chinese'],News,,"""To build a large-scale dataset, we must choose some highquality data source that contains artificial summaries should cover news from various fields. """,,Distant,Paragraph,in-doc ,Automatic,"224,480",yes ,long texts,unknown,measured ,Novel n-gram ratio,Publicly Available,-,-,,,
80,CLES,https://ieeexplore.ieee.org/abstract/document/9414946,A large-scale chinese long-text extractive summarization corpus,ICASSP IEEE,3,2021,monolingual,['Chinese'],News,,"""we found that a weibo (analogous to tweets) post by media users with a hyper-link often highlights certain key points of the corresponding News article.""",,Distant,Paragraph,platform,Automatic,"103,839",yes ,-,extractive,-,-,Publicly Available,-,so it is news but in social media. the testing part is human annotated (but just how good each sentence is). according to the example they show it is not actually spans in the texts butthe posts that scored highest on extractive measurement ,,,
81,KALIMAT,https://eprints.lancs.ac.uk/id/eprint/71282/1/KALIMAT_ELHAJ_KOULALI.pdf,KALIMAT a Multipurpose Arabic Corpus,In Second Workshop on Arabic Corpus Linguistics (WACL-2),80,2013,monolingual,['Arabic'],News,,using a system to automaticaly summerize ,,Synthetic,Spans,-,Automatic,"20,291",-,multidocument summarization (small part of 2057 articles),extractive,-,-,Publicly Available,-,,,,
82,LANS,https://aclanthology.org/2023.arabicnlp-1.8/,LANS: Large-scale Arabic News Summarization Corpus,ArabicNLP (ACL),3,2022,monolingual,['Arabic'],News,,,,Distant,Paragraph,metadata,Automatic,"8,443,484",yes ,-,unknown,measured ,"Coverage, Density, Compression",Upon Request,-,this is like where we should be now at low resource: newsroom for low resource + measuremennts,,,
83,ANT,https://link.springer.com/article/10.1007/s13369-020-05258-z,An Arabic Multi-source News Corpus: Experimenting on Single-document Extractive Summarization,Arabian Journal for Science and Engineering,28,2021,monolingual,['Arabic'],News,,they say abstract i thnk it is mishne,,Distant,Paragraph,in-doc ,Automatic,"31,798",-,-,unknown,-,-,Publicly Available,-,,,,
84,WikiDes,https://www.semanticscholar.org/paper/WikiDes%3A-A-Wikipedia-Based-Dataset-for-Generating-Ta-Rahman/26325fbf09743fcd17ff9cbcd2bca22b05b1d4f1,WikiDes: A Wikipedia-Based Dataset for Generating Short Descriptions from Paragraphs,Information Fusion,9,2023,monolingual,['English'],Encyclopedia,,"""The description on a Wikidata entry is a short phrase designed to disambiguate items with the same or similar labels."" so description is gold label. they are not even full sentence",,Distant,Extreme,in-doc ,Automatic,81419,-,,unknown,-,-,Publicly Available (License),-,,,,
85,Webis-EditorialSum-2020,https://aclanthology.org/2020.coling-main.470/,News Editorials: Towards Summarizing Long Argumentative Texts,COLING,13,2020,monolingual,['English'],Opinions/Arguments,editorials ,"""The summarization is framed as an annotation / extraction task, where segments from an editorial are selected to compose a summary.""",,Dedicated,Spans,-,Human,266,yes ,opinionated texts,extractive,-,-,Publicly Available,-,broken link. a few summarries per articles,לא בטוחה  שזה השם של הדאטה סט ,,
86,Hromadske.ua,https://aclanthology.org/2023.unlp-1.6/,Abstractive Summarization for the Ukrainian Language: Multi-Task Learning with Hromadske.ua News Dataset,UNLP (ACL),1,2023,monolingual,['Ukrainian'],News,,can't realy tell summary source. I guess it is mishne,,Distant,Paragraph,in-doc ,Automatic,"36,488",-,-,abstractive,measured ,"Abstractivity, SBertScore similarity, ROUGE-L",Publicly Available,-,could'nt find the data also they say they present it ,the last two measuremebts are between the summary and the source doc to identify rephrasing (bert) and long extractive segments (rouge),,
87,Gazeta,https://www.semanticscholar.org/paper/Dataset-for-Automatic-Summarization-of-Russian-News-Gusev/71269b6c63c9759d7971cfcd3c64e0de182737a4,Dataset for Automatic Summarization of Russian News,AINL,36,2020,monolingual,['Russian'],News,,mishne (they say but i checked in the website),,Distant,Paragraph,in-doc ,Automatic,"63,435",-,-,unknown,measured ,Novel n-gram ratio,Publicly Available (License),-,,,,
88,QBSUM,https://www.semanticscholar.org/paper/QBSUM%3A-a-Large-Scale-Query-Based-Document-Dataset-Zhao-Yan/17023a6a91c5dec410b28110f45a11f400f49fb0,QBSUM: a Large-Scale Query-Based Document Summarization Dataset from Real-world Applications,Computer Speech & Language,17,2021,monolingual,['Chinese'],News,,"""Three rounds of summary annotation are conducted. First, five workers will annotate different groups of the dataset individually. Second, each worker will review 5% of data sampled from the groups annotated by other workers. Third, an expert reviewer will review all the data examples created by workers.""",,Dedicated,Spans,-,Human+Human,"49,535",-,Query-Based,extractive,-,-,Publicly Available,-,,,,
89,BigSurvey (CAST),https://www.semanticscholar.org/paper/Generating-a-Structured-Summary-of-Numerous-Papers%3A-Liu-Cao/a4d581724fb604d13719b73f87a0457f007a43a4,Generating a Structured Summary of Numerous Academic Papers: Dataset and Method,IJCAI,11,2023,monolingual,['English'],Scientific,,each summary is a survey ans the articles are the abstracts of the papers it reviews. and i thonk they have another version of the regular abstract pairing ,,Naturally,Paragraph,platform,Automatic,"4,478",-,multidocument,unknown,measured ,"Coverage, Density",Publicly Available (License),ScienceParse,,,,
90,WikiMulti,https://arxiv.org/pdf/2204.11104,WikiMulti: a Corpus for Cross-Lingual SummarizationWikiMulti: a Corpus for Cross-Lingual Summarization,Conference on Artificial Intelligence and Natural Language,5,2022,crosslingual,"['English', 'French', 'Spanish', 'Italian', 'Russian', 'German', 'Portuguese', 'Japanese', 'Polish', 'Chinese', 'Swedish', 'Dutch', 'Arabic', 'Ukranian', 'Vietnamese']",Encyclopedia,,""" first paragraph as a summary""",,Distant,Paragraph,in-doc,Automatic,22061,-,-,abstractive,-,-,Publicly Available,-,i think it is only english to other ,,,
91,XWikis,https://arxiv.org/pdf/2202.09583,Models and datasets for cross-lingual summarisation,EMNLP,45,2021,crosslingual,"['Czech', 'English', 'French', 'German']",Encyclopedia,,"""We can thus consider the body and lead paragraph"". cross from taking articles o the same things in different languages. for now num sample is on average per language ",,Distant,Paragraph,in-doc,Automatic,"213,911",yes,-,abstractive,measured ,"Coverage, Density, Compression, Novel n-gram ratio",Publicly Available (License),-,thy say the task is abstractive andnot the data,,,
92,W-MS (Spektrum),https://aclanthology.org/2021.newsum-1.5.pdf,A Novel Wikipedia based Dataset for Monolingual and Cross-Lingual Summarization,NewSum (ACL),7,2021,monolingual,['English'],Encyclopedia,,wikepidia lead,,Distant,Paragraph,in-doc,Automatic,"46,180",-,-,unknown,measured ,"Novel n-gram ratio, Compression",Publicly Available (License),BeautifulSoup,"these three are the same sort of, and the cross for some reason is the tests",,,
93,W-CLS (Spektrum),https://aclanthology.org/2021.newsum-1.5.pdf,A Novel Wikipedia based Dataset for Monolingual and Cross-Lingual Summarization,NewSum (ACL),7,2021,crosslingual,"['English', 'German']",Encyclopedia,,,,Distant,Paragraph,in-doc,Automatic,"5,132",-,-,unknown,measured ,"Novel n-gram ratio, Compression",Publicly Available (License),BeautifulSoup,"these three are the same sort of, and the cross for some reason is the tests",,,
94,S-CLS (Spektrum),https://aclanthology.org/2021.newsum-1.5.pdf,A Novel Wikipedia based Dataset for Monolingual and Cross-Lingual Summarization,NewSum (ACL),7,2021,crosslingual,"['English', 'German']",Encyclopedia,,they first collected but than annotators looked at the data and filterd it by hand ,,Naturally,Paragraph,platform,Semi-Automatic,"1,510",-,-,unknown,measured ,"Novel n-gram ratio, Compression",Publicly Available (License),BeautifulSoup,"these three are the same sort of, and the cross for some reason is the tests",,,
95,AMI,https://scholar.google.co.il/scholar_url?url=https://infoscience.epfl.ch/record/83179/files/guillemo-idiap-rr-05-82.pdf&hl=iw&sa=X&ei=A7L2ZY2VJPqXy9YPu4an-A8&scisig=AFWwaeYLrasHnJvnpjqvUzRrylqJ&oi=scholarr,The AMI Meeting Corpus,MLMI,1102,2005,monolingual,['English'],Dialogue,,Its 100 hours i don't know how many dialogue,,Dedicated,Paragraph,-,Human,100,-,-,abstractive,-,-,Publicly Available (License),,,,,
96,AMI,https://scholar.google.co.il/scholar_url?url=https://infoscience.epfl.ch/record/83179/files/guillemo-idiap-rr-05-82.pdf&hl=iw&sa=X&ei=A7L2ZY2VJPqXy9YPu4an-A8&scisig=AFWwaeYLrasHnJvnpjqvUzRrylqJ&oi=scholarr,The AMI Meeting Corpus,MLMI,1102,2005,monolingual,['English'],Dialogue,,Its 100 hours i don't know how many dialogue,,Dedicated,Spans,-,Human,100,-,-,extractive,-,-,Publicly Available (License),,,,,
97,Webis-TLDR-17,https://aclanthology.org/W17-4508/,TL;DR: Mining Reddit to learn au- ¨ tomatic summarization.,ACL,145,2017,monolingual,['English'],Social Media,,by finding tldr in posts and comments in reddit ,naturally ,Naturally,Paragraph,in-doc,Automatic,4044501,-,-,abstractive ,-,-,Publicly Available,-,maybe with license i couldnt understand ,,,
98,DialogSum,https://arxiv.org/abs/2105.06762,DialogSum: A Real-Life Scenario Dialogue Summarization Dataset,ACL findings,146,2021,monolingual,['English'],Dialogue,,human annotation and another phase of checking all the summarries ,human,Dedicated,Paragraph,-,Human+Human,"13,460",-,-,abstractive ,measured ,"Novel n-gram ratio, LEAD, EXT-ORACLE,Compression",Publicly Available,,,,,
99,SumPubMed,https://aclanthology.org/2021.acl-srw.30/,SumPubMed: Summarization Dataset of PubMed Scientific Articles,ACL,34,2021,monolingual,['English'],Scientific,,abstract,abstract (front),Distant,Paragraph,in-doc,Automatic,"33,772",yes ,-,abstractive,-,-,Publicly Available (License),-,,,,
100,BOOKSUM,https://aclanthology.org/2022.findings-emnlp.488.pdf,BookSum: A Collection of Datasets for Long-form Narrative Summarization,emnlp,84,2022,monolingual,['English'],Litrature,books,"found summarries online. they have three levels of summarries: paragraph, chapter and book ",Naturally annotated,Distant,Paragraph,pairing ,Automatic,405,-,Narrative Summarization,abstractive,measured ,"Coverage, Density, Compression, Novel n-gram ratio",Like Urls -Scripts,-,"12,630 chapters and 146,532 paragraphs",,,
101,NovelChapters,https://aclanthology.org/2020.acl-main.453/,Exploring Content Selection in Summarization of Novel Chapters,ACL,36,2020,monolingual,['English'],Litrature,books,We collect summary-chapter pairs from five online study guides,,Naturally,Paragraph,platform,Automatic,"8,088",-,-,abstractive,measured ,Compression,Like Urls -Scripts,,numbers are chapters,,,
102,S2ORC extended,https://aclanthology.org/2023.eacl-main.72/,What’s New? Summarizing Contributions in Scientific Literature,EACL,8,2023,monolingual,['English'],Scientific,,human tagged a few and then it was done automatically (data driven). the job was to take the citation and abstract and produce two seperate summarries for contribution and context,abstract+ (automatically ,Dedicated,Paragraph,others ,Automatic,895523,yes (on usefuleness),-,unknown,-,-,Publicly Available (License),-,similar to SumTitles ot maybe Kalimat in the fact that it was prodiced. so maybe synthetic ,,,
103,GameWikiSum,https://aclanthology.org/2020.lrec-1.820/,GameWikiSum: a Novel Large Multi-Document Summarization Dataset,LREC,14,2020,monolingual,['English'],Opinions/Arguments,reviews (video games),if i understand correctly it is many reviews of video games and specific section abot them in wikipedia,Naturally annotated,Distant,Paragraph,platform,Automatic,14652,-,multi-document,unknown,-,-,Publicly Available (License),-,Input documents consist of long professional video game reviews as well as references of their gameplay sections in Wikipedia pages,,,
104,SQuALITY,https://aclanthology.org/2022.emnlp-main.75.pdf,SQuALITY: Building a Long-Document Summarization Dataset the Hard Wa,emnlp,30,2022,monolingual,['English'],Litrature,(sci-fi stories),"one writes questions, 4 write summarries, workers review",human,Dedicated,Paragraph,-,Human+Human,625,-,Question-focused summarization (QFS),abstractive,measured ,Novel n-gram ratio,Publicly Available (License),-,Multi-ref,-,,
105,Liputan6,https://aclanthology.org/2020.aacl-main.60/,Liputan6: A Large-scale Indonesian Dataset for Text Summarization,AACL,34,2020,monolingual,['Indonesian'],News,,summary from RSS feed,metadata,Naturally,Paragraph,platform,Automatic,215827,-,-,unknown,measured ,"Novel n-gram ratio, LEAD",Like Urls -Scripts,-,smaller test set that is more absractive,,,
106,TWEETSUMM,https://aclanthology.org/2021.findings-emnlp.24.pdf,TWEETSUMM - A Dialog Summarization Dataset for Customer Service,emnlp,28,2021,monolingual,['English'],Dialogue,customer service,"structed from Tweets that appear in the Kaggle Customer Support On Twitter dataset2 , each accompanied by 3 extractive and 3 abstractive summaries generated by human annotators. When generating the extractive summary, the annotators were instructed to highlight the most salient sentences in the dialog. For the abstractive summaries, they were instructed to write a summary that contains one sentence summarizing what the customer conveyed and a second sentence summarizing what the agent responded.",human,Dedicated,Paragraph,-,Human,1100,yes,-,abstractive,-,-,Publicly Available (License),-,this is also a two phased annotations first extractive then abstractive,,,
107,TWEETSUMM (extractive ),https://aclanthology.org/2021.findings-emnlp.24.pdf,TWEETSUMM - A Dialog Summarization Dataset for Customer Service,emnlp,28,2021,monolingual,['English'],Dialogue,customer service,"structed from Tweets that appear in the Kaggle Customer Support On Twitter dataset2 , each accompanied by 3 extractive and 3 abstractive summaries generated by human annotators. When generating the extractive summary, the annotators were instructed to highlight the most salient sentences in the dialog. For the abstractive summaries, they were instructed to write a summary that contains one sentence summarizing what the customer conveyed and a second sentence summarizing what the agent responded.",human,Dedicated,Spans,-,Human,1100,yes,-,extractive,-,-,Publicly Available (License),-,this is also a two phased annotations first extractive then abstractive,,,
108,SumeCzech,https://aclanthology.org/L18-1551.pdf,SumeCzech: Large Czech News-Based Summarization Dataset,LREC,27,2018,monolingual,['Czech'],News,,they have both mishne and headlines ,,Distant,Paragraph,in-doc,Automatic,1001593,-,-,unknown,-,-,Like Urls -Scripts,-,,,,
109,SumeCzech (extreme ),https://aclanthology.org/L18-1551.pdf,SumeCzech: Large Czech News-Based Summarization Dataset,LREC,27,2018,monolingual,['Czech'],News,,they have both mishne and headlines ,,Distant,Extreme,in-doc,Automatic,1001593,-,-,unknown,-,-,Like Urls -Scripts,-,,,,
110,Indosum,https://ieeexplore.ieee.org/abstract/document/8629109,Indosum: A New Benchmark Dataset for Indonesian Text Summarization,IEEE,59,2018,monolingual,['Indonesian'],News,,news aggregation website ,Naturally annotated news aggregator and summarizer company.,Naturally,Paragraph,platform,Automatic,18774,-,-,abstractive,-,-,Publicly Available (License),-,,,,
111,VNDS,https://ieeexplore.ieee.org/abstract/document/9023886,VNDS: A Vietnamese Dataset for Summarization,IEEE,18,2019,monolingual,['Vietnamese'],News,,I think mishne but who knows. mostly extreme (one sentence but sometimes more),"""abstracts""",Distant,Paragraph,in-doc,Automatic,150704,-,-,unknown,-,-,Publicly Available,-,,,,
112,ViMs,https://link.springer.com/article/10.1007/s10579-020-09495-4,ViMs: a high-quality Vietnamese dataset for abstractive multi-document summarization,Language Resources and Evaluation,12,2020,monolingual,['Vietnamese'],News,,huamn annotations with first selecting sailent info using MDSWriter tool,,Dedicated,Paragraph,-,Human,300,-,multi-document,abstractive,-,-,Publicly Available,-,Multi-ref (two per cluster),,,
113,Multi-XScience,https://arxiv.org/abs/2010.14235,Multi-XScience: A Large-scale Dataset for Extreme Multi-document Summarization of Scientific Articles,EMNLP,78,2020,monolingual,['English'],Scientific,,take abstract and abstracts of reference an write related works ,abstract*,Distant,Paragraph,in-doc,Automatic,40528,yes,"multi-document, writing the related-work section given the abstract and the abstract of the cited papers",abstractive,measured ,Novel n-gram ratio,Publicly Available (License),-,,,,
114,SummScreen,https://arxiv.org/abs/2104.07091,SummScreen: A Dataset for Abstractive Screenplay Summarization,ACL,90,2022,monolingual,['English'],Dialogue,TV ,texts are scripts and summaries are recap of the episoides (i think) written by fans in wikipedia and tvmaze,human,Naturally,Paragraph,platform,Automatic,26851,-,-,abstractive,measured ,Novel n-gram ratio,Publicly Available,-,,,,
115,FacetSum,https://arxiv.org/pdf/2106.00130.pdf,Bringing Structure into Summaries: a Faceted Summarization Dataset for Long Scientific Documents,ACL,37,2021,monolingual,['English'],Scientific,,"""Unlike many publishers, Emerald imposes explicit requirements that authors summarize their work from multiple aspects""",abstract*,Naturally,Paragraph,platform,Automatic,"60,024",-,Faceted Summarization,unknown,-,-,Publicly Available (License),-,-,,,
116,ForumSum,https://aclanthology.org/2021.findings-emnlp.391/,ForumSum: A Multi-Speaker Conversation Summarization Dataset,EMNLP,19,2021,monolingual,['English'],Dialogue,forums,mechanicak turk. a few iterations + evaluations until they established the instructions. and then also evaluated the data througout the collection manualy,human (mechanical turk),Dedicated,Paragraph,-,Human+Human,4058,-,-,abstractive,-,-,Publicly Available,-,"broken link, also not sure if human+human or human evaluated. because they checked during the collecting process ",,,
117,DebateSum,https://arxiv.org/ftp/arxiv/papers/2011/2011.07251.pdf,DebateSum: A large-scale argument mining and summarization dataset,COLING ,28,2020,monolingual,['English'],Opinions/Arguments,debate,"""Each card consist of a debater’s argument (which acts as a biased abstractive summary of the document), a supporting piece of evidence and its citations, and a word-level extractive summary produced by “underlining” and/or “highlighting” the evidence in such a way to support the argument being made.""",Naturally (I think it is what the people in the debatechose to read),Naturally,Spans,in-doc,Automatic,"187,328",-,argument mining,extractive,-,-,Publicly Available,,,,,
118,QMSum,https://arxiv.org/abs/2104.05938,QMSum: A New Benchmark for Query-based Multi-domain Meeting Summarization,NAACL,217,2021,monolingual,['English'],Dialogue,meetings ,"data mostly from prev, but summarries human annotated ",human,Dedicated,Paragraph,-,Human,"1,808",yes ,"query based, Multi-domain",abstractive ,-,-,Publicly Available (License),-,Multi-domain,,,
119,Ubuntu/NYC,https://aclanthology.org/D14-1226.pdf,Summarizing Online Forum Discussions – Can Dialog Acts of Individual Messages Help?,EMNLP,55,2014,monolingual,['English'],Dialogue,forums,the annotators were asked to wrote in their own words (hence abstractive) and then they used heuristic to chose the best post in thread to have extractive ,human,Dedicated,Paragraph,-,Human,100,-,Dialogue ,abstractive ,-,-,Publicly Available (Research Purposes),-,Multi-ref (2),,,
120,BC3,https://www.cs.ubc.ca/~carenini/PAPERS/ulrich-aaai08.pdf,A Publicly Available Annotated Corpus for Supervised Email Summarization,AAAI,119,2008,monolingual,['English'],Emails,,"""the annotator not only to select the most important sentences from the original text but also to write an abstractive summary of the thread"" this is not a heuristic as done in most cases but actuall humans are involve in creating the abstractive and extractive ",human,Dedicated,Paragraph,-,Human,90,-,-,abstractive ,-,-,Publicly Available (Research Purposes),-,couldn't find ,,,
121,BC3 (extractive),https://www.cs.ubc.ca/~carenini/PAPERS/ulrich-aaai08.pdf,A Publicly Available Annotated Corpus for Supervised Email Summarization,AAAI,119,2008,monolingual,['English'],Emails,,"""the annotator not only to select the most important sentences from the original text but also to write an abstractive summary of the thread"" this is not a heuristic as done in most cases but actuall humans are involve in creating the abstractive and extractive ",human,Dedicated,Spans,-,Human,90,-,-,extractive,-,-,Publicly Available (Research Purposes),-,couldn't find ,,,
122,MMSS,https://www.ijcai.org/proceedings/2018/577,Multi-modal Sentence Summarization with Modality Attention and Image Filtering,IJCAI ,93,2018,monolingual,['English'],News,,Gigaword + crawling yahoo for images  and human chose best images ,headlines (adding pics to giga),Distant,Extreme,prev,Automatic,"66,000",-,multimodal,unknown,-,-,Publicly Available,-,think what to do as human were involve but in the creation of the text+image (chose best image),,,
123,MMS,https://nlpr.ia.ac.cn/cip/ZongPublications/2017/LihaoranEmnlp.pdf,"Multi-modal Summarization for Asynchronous Collection of Text, Image, Audio and Video",EMNLP,106,2017,multilingual,"['English', 'Chinese']",News,,,,Dedicated,Paragraph,-,Human,50,-,"Multi-document, multimodal",unknown,-,-,Publicly Available,-,Multi-ref (3),,,
124,NCLS,https://arxiv.org/abs/1909.00156,NCLS: Neural Cross-Lingual Summarization,EMNLP-IJCNLP,127,2019,crosslingual,"['English', 'Chinese']",News,,translation with another automatic step to ensure it is good using back translation ,,Naturally,Highlights,prev,Automatic,"2,070,400",-,-,unknown,-,-,Publicly Available,-,human corrected test set ,,,
125,MM-Sum,https://arxiv.org/abs/2212.07672,Summary-Oriented Vision Modeling for Multimodal Abstractive Summarization,ACL,17,2023,multilingual,"['Amharic', 'Arabic', 'Azerbaijani', 'Bengali', 'Burmese', 'Chinese', 'Chinese', 'English', 'French', 'Gujarati', 'Hausa', 'Hindi', 'Igbo', 'Indonesian', 'Japanese', 'Rundi', 'Korean', 'Kirghiz', 'Marathi', 'Nepali', 'Oromo', 'Pashto', 'Persian', 'West African Pidgin English', 'Portuguese', 'Panjabi', 'Russian', 'Scottish Gaelic', 'Scottish Gaelic', 'Serbian', 'Serbian', 'Sinhala', 'Somali', 'Spanish', 'Swahili', 'Tamil', 'Telugu', 'Thai', 'Tigrinya', 'Turkish', 'Ukrainian', 'Urdu', 'Uzbek', 'Vietnamese', 'Welsh', 'Yoruba']",News,,"xlsum based. pics added ""to further offer the image sequence for the corresponding textual summarization dataset""",,Distant,Extreme,prev,Automatic,"1,078,215",-,multimodal,abstractive ,-,-,Publicly Available,-,they parted to high mid high and low resourve ,,,
126,CSDS,https://nlpr.ia.ac.cn/cip/ZongPublications/2021/2021linhaitao-emnlp.pdf,CSDS: A Fine-Grained Chinese Dataset for Customer Service Dialogue Summarization,EMNLP,26,2021,monolingual,['Chinese'],Dialogue,customer service,,,Dedicated,Paragraph,-,Human,"10,701",-,topic-based structural (kind of like faced),abstractive ,measured ,Compression,Publicly Available,-,,,,
127,CSDS (extractive),https://nlpr.ia.ac.cn/cip/ZongPublications/2021/2021linhaitao-emnlp.pdf,CSDS: A Fine-Grained Chinese Dataset for Customer Service Dialogue Summarization,EMNLP,26,2021,monolingual,['Chinese'],Dialogue,customer service,key utterances can be lookes as as spans in the text and they say it is like extractive ,,Dedicated,Spans,-,Human,"10,701",-,topic-based structural (kind of like faced),extractive,measured ,Compression,Publicly Available,-,,,,
128,MSMO,https://aclanthology.org/D18-1448/,MSMO: Multimodal Summarization with Multimodal Output,EMNLP,152,2018,monolingual,['English'],News,,human chose images. summarries exactly like daily mail but new,highlights (like daily mails ) + human toi choose pics,Naturally,Highlights,in-doc,Automatic,314581,-,multimodal input and output,unknown,-,-,Publicly Available,-,-,,,
129,E-DailyMail,https://aclanthology.org/D18-1438.pdf,Abstractive Text-Image Summarization Using Multi-Modal Attentional Hierarchical RNN,EMNLP,84,2018,monolingual,['English'],News,,"""We extend the standard DailyMail corpora through extracting the images and the captions from the html-formatted documents""",like daily mail,Naturally,Highlights,prev,Automatic,219100,-,multimodal,abstractive ,-,-,?????,-,,,,
130,SUBSUME,https://aclanthology.org/2021.newsum-1.14.pdf,UBSUME: A Dataset for Subjective Summary Extraction from Wikipedia Documents,NewSum (ACL),1,2021,monolingual,['English'],Encyclopedia,,"mechanical turk workers mark sentences according to intent (objective: how is the weather etc, balanced: major historical event, subjective: why should you visit)",human,Dedicated,Spans,-,Human+Human,2200,-,subjective summarization like qurey based ,extractive,-,-,Publicly Available (License),-,-,,,
131,20 Minuten (bigger),https://aclanthology.org/2023.swisstext-1.1.pdf,20 Minuten: A Multi-task News Summarisation Dataset for German,swisstext(ACL),3,2023,monolingual,['German'],News,,"text - bullet points. but also image captions in a carosel, concatenated",bullet points ,Naturally,Highlights,in-doc,Automatic,"51,357",-,-,abstractive,measured ,"Compression, Novel n-gram ratio",Publicly Available (License),-,,,,
132,HeSum,https://arxiv.org/abs/2406.03897,HeSum: a Novel Dataset for Abstractive Text Summarization in Hebrew,ACL,0,2024,monolingual,['Hebrew'],News,,mishne ,,Distant,Paragraph,in-doc,Automatic,10000,-,-,abstractive,measured ,"Abstractness, Compression, Redundancy",Publicly Available,-,,,,
133,MultiSumm,https://ojs.aaai.org/index.php/AAAI/article/view/5328,MultiSumm: Towards a Unified Model for Multi-Lingual Abstractive Summarization,AAAI,32,2020,multilingual,"['Bosnian', 'Croatian']",News,,titles as summary,,Distant,Extreme,in-doc,Automatic,382154,-,-,abstractive,-,-,Publicly Available,-,brokenl link,,,
134,HunSum-2,https://www.semanticscholar.org/paper/From-News-to-Summaries%3A-Building-a-Hungarian-Corpus-Barta-Lakatos/14fb9ecfff38acab317ce1a0e819801835fa4d8c?utm_source=alert_email&utm_content=LibraryFolder&utm_campaign=AlertEmails_DAILY&utm_term=LibraryFolder&email_index=0-1-1&utm_medium=31805690,From News to Summaries: Building a Hungarian Corpus for Extractive and Abstractive Summarization,LREC | COLING,0,2024,monolingual,['Hungarian'],News,,"the extractive from heuristics . the summary they called ""lead"" from looking at websites it seems like it is mishne",,Distant,Paragraph,in-doc,Automatic,1817850,-,-,abstractive,measured ,"Novel n-gram ratio, Compression, Redundancy",Publicly Available,-,,,,
135,HunSum-2 (extractive),https://www.semanticscholar.org/paper/From-News-to-Summaries%3A-Building-a-Hungarian-Corpus-Barta-Lakatos/14fb9ecfff38acab317ce1a0e819801835fa4d8c?utm_source=alert_email&utm_content=LibraryFolder&utm_campaign=AlertEmails_DAILY&utm_term=LibraryFolder&email_index=0-1-1&utm_medium=31805690,From News to Summaries: Building a Hungarian Corpus for Extractive and Abstractive Summarization,LREC | COLING,0,2024,monolingual,['Hungarian'],News,,"the extractive from heuristics . the summary they called ""lead"" from looking at websites it seems like it is mishne",,Synthetic,Spans,in-doc,Automatic,1817850,-,-,extractive,measured ,"Novel n-gram ratio, Compression, Redundancy",Publicly Available,-,,,,
136,OrangeSum,https://aclanthology.org/2021.emnlp-main.740.pdf,BARThez: a Skilled Pretrained French Sequence-to-Sequence Model,EMNLP,74,2021,monolingual,['French'],News,,titles and mishne,,Distant,Paragraph,in-doc,Automatic,33600,-,-,abstractive,measured ,"Novel n-gram ratio,LEAD, EXT",Publicly Available (License),-,,,,
137,OrangeSum,https://aclanthology.org/2021.emnlp-main.740.pdf,BARThez: a Skilled Pretrained French Sequence-to-Sequence Model,EMNLP,74,2021,monolingual,['French'],News,,titles and mishne,,Distant,Extreme,in-doc,Automatic,33600,-,-,abstractive,measured ,"Novel n-gram ratio,LEAD, EXT",Publicly Available (License),-,,,,
138,pn-summary,https://ieeexplore.ieee.org/abstract/document/9420563/,Leveraging parsbert and pretrained mt5 for persian abstractive text summarization,IEEE,26,2021,monolingual,['Persian'],News,,"I think mishne but it is not clear ""summary""",,Distant,Paragraph,in-doc,Automatic,"93,207",-,-,abstractive,-,-,Publicly Available (License),-,,,,
139,Kyutech Corpus (extracive),https://aclanthology.org/L18-1508.pdf,Annotation and Analysis of Extractive Summaries for the Kyutech Corpus,LREC,7,2018,monolingual,['Japanese'],Dialogue,conversations,human took abstractive summary that already existed and found best fitting sentrnces,,Dedicated,Spans,-,Human,9,-,-,extractive,-,-,Publicly Available,-,"brokenl link, seems like there is an original paper in Japanese",,,
140,ScriptBase,https://aclanthology.org/N15-1113/,Movie Script Summarization as Graph-based Scene Extraction,NAACL,96,2015,monolingual,['English'],Dialogue,movies,"""The retrieved scripts were then cross-matched against Wikipedia2 and IMDB3 and paired with corresponding user-written summaries""",,Naturally,Paragraph,platform,Automatic,"1,276",-,-,unknown,-,-,Publicly Available,,,,,
141,M3LS,https://arxiv.org/abs/2302.06560,Large Scale Multi-Lingual Multi-Modal Summarization Dataset,EACL,7,2023,multilingual,"['English', 'Chinese', 'Spanish', 'Russian', 'French', 'Ukrainian', 'Portuguese', 'Japanese', 'Tamil', 'Hindi', 'Marathi', 'Gujarati', 'Bengali', 'Sinhala', 'Urdu', 'Pashto', 'Indonesian', 'Telugu', 'Panjabi', 'Nepali']",News,,all info from bbc summary as in xsum ,,Distant,Extreme,in-doc,Automatic,"1,100,000",yes ,multimodal,unknown,measured ,Novel n-gram ratio,Publicly Available (License),scrapy,"""To the best of our knowledge, the proposed dataset is the largest summarization dataset for 13 languages""",,,
142,How2,https://arxiv.org/abs/1811.00347,How2: a large-scale dataset for multimodal language understanding‏,NeurIPS,275,2018,multilingual,"['English', 'Portuguese']",Instructional,,"Its ""description written by the creators so I think the video discription but not sure"". second language through translation ",,Distant,Paragraph,in-doc,Automatic,"79,114",-,multimodal,unknown,-,-,Url,-,,,,
143,VMSMO,https://aclanthology.org/2020.emnlp-main.752/,Vmsmo: Learning to generate multimodal summary for video-based news articles,EMNLP,66,2020,monolingual,['Chinese'],News,,It seems like LCTS ,,Naturally,Extreme,in-doc,Automatic,"184,920",-,multimodal,unknown,-,-,Publicly Available,-,multimodal output,,,
144,MLGSum,https://aclanthology.org/2021.findings-acl.242.pdf,Contrastive aligned joint learning for multilingual summarization.,ACL-IJCNLP,26,2021,multilingual,"['German', 'English', 'Russian', 'French', 'Chinese', 'Hindi', 'Spanish', 'Indonesian', 'Turkish', 'Vietnamese', 'Ukrainian', 'Portuguese']",News,,"sometimes mishne, but they say they also use the bbc which doesnt have that so maybe mixed ",,Distant,Paragraph,in-doc,Automatic,"1,168,276",-,-,unknown,-,-,Like Urls -Scripts,-,it eas later published whole ,,,
145,Auto-hMDS,https://aclanthology.org/L18-1510.pdf,Automatic Construction of a Large Heterogeneous Multilingual MultiDocument Summarization Corpus,LREC,30,2018,multilingual,"['German', 'English']",Diverse,,the first section of Wikipedia featured articles,,Distant,Paragraph,pairing,Automatic,"7,316",-,multi-document,unknown,-,-,Url,,summarries availiable but not url,,,
146,hMDS,https://aclanthology.org/C16-1145.pdf,The Next Step for Multi-Document Summarization : A Heterogeneous Multi-Genre Corpus Built with a Novel Construction Approach,COLING,28,2016,monolingual,['English'],Diverse,,the lead parts,,Distant,Paragraph,pairing,Others,"1,265",-,multi-document,unknown,-,-,Url,,summarries are automaticaly scraped but human chose the articles to go with them ,,,
147,CSPubSum,https://arxiv.org/abs/1706.03946,A supervised approach to extractive summarisation of scientific papers.,CoNLL,113,2017,monolingual,['English'],Scientific,,"""The highlight statements are sentences that should effectively convey the main takeaway of each paper and are a good gold summary"" . Extractive by comparing sentences by HighlightROUGE (automatic)",,Naturally,Highlights,platform,Automatic,10148,-,-,abstractive,-,-,Like Urls -Scripts,,,,,
148,CSPubSum (extractive),https://arxiv.org/abs/1706.03946,A supervised approach to extractive summarisation of scientific papers.,CoNLL,113,2017,monolingual,['English'],Scientific,,"""The highlight statements are sentences that should effectively convey the main takeaway of each paper and are a good gold summary"" . Extractive by comparing sentences by HighlightROUGE (automatic)",,Synthetic,Spans,-,Automatic,10148,-,-,extractive,-,-,Like Urls -Scripts,,,,,
149,TalkSumm,https://arxiv.org/abs/1906.01351,TalkSumm: A Dataset and Scalable Annotation Method for Scientific Paper Summarization Based on Conference Talks,ACL,54,2019,monolingual,['English'],Scientific,,"""automatically generate summaries for scientific papers based on video talks""",,Dedicated,Spans,platform,Automatic,1716,yes ,-,extractive,-,-,Like Urls -Scripts,ScienceParse,,,,
150,ACL TA-DA,https://semanticscholar.org/paper/ACL-TA-DA%3A-A-Dataset-for-Text-Summarization-and-Park-Park/e389b995793946f70d6ef1a8cd15229668aed146,ACL TA-DA: A Dataset for Text Summarization and Generation,SAC,0,2023,monolingual,['English'],Scientific,,abstracts,,Distant,Paragraph,in-doc,Automatic,"22,315",-,-,unknown,-,-,Publicly Available,,broken link,,,
